<?xml version="1.0" encoding="UTF-8"?>
<project-private xmlns="http://www.netbeans.org/ns/project-private/1">
    <editor-bookmarks xmlns="http://www.netbeans.org/ns/editor-bookmarks/2" lastBookmarkId="0"/>
    <open-files xmlns="http://www.netbeans.org/ns/projectui-open-files/2">
        <group>
            <file>file:/C:/Users/ESTUDIANTE.BE406S104C00ING/Documents/Parcial2/src/View/existencias.java</file>
            <file>file:/C:/Users/ESTUDIANTE.BE406S104C00ING/Documents/Parcial2/src/View/AdminvFrame.java</file>
            <file>file:/C:/Users/ESTUDIANTE.BE406S104C00ING/Documents/Parcial2/src/modelView/principalMenu.java</file>
            <file>file:/C:/Users/ESTUDIANTE.BE406S104C00ING/Documents/Parcial2/src/model/ProductosEnSQL.java</file>
            <file>file:/C:/Users/ESTUDIANTE.BE406S104C00ING/Documents/Parcial2/src/View/Vistas.java</file>
            <file>file:/C:/Users/ESTUDIANTE.BE406S104C00ING/Documents/Parcial2/src/modelView/Producto.java</file>
            <file>file:/C:/Users/ESTUDIANTE.BE406S104C00ING/Documents/Parcial2/src/modelView/Usuario.java</file>
            <file>file:/C:/Users/ESTUDIANTE.BE406S104C00ING/Documents/Parcial2/src/View/principalScreens.java</file>
            <file>file:/C:/Users/ESTUDIANTE.BE406S104C00ING/Documents/Parcial2/src/model/ObtDatos.java</file>
            <file>file:/C:/Users/ESTUDIANTE.BE406S104C00ING/Documents/Parcial2/src/View/MenuPrincipalFrame.java</file>
            <file>file:/C:/Users/ESTUDIANTE.BE406S104C00ING/Documents/Parcial2/src/model/Login.java</file>
        </group>
    </open-files>
</project-private>
